출발 행정동 코드,도착 행정동 코드,이동인구(합)
11010,11010,98483541.1
11010,11020,25755146.97
11010,11030,7134860.39
11010,11040,6274816.87
11010,11050,3670689.85
11010,11060,9482388.15
11010,11070,3363574.61
11010,11080,18003770.73
11010,11090,5861935.8
11010,11100,3712883.82
11010,11110,5375895.53
11010,11120,9500866.18
11010,11130,15007691.64
11010,11140,8258024.04
11010,11150,2374793.66
11010,11160,3807285.25
11010,11170,2453883.53
11010,11180,982393.18
11010,11190,5329354.1
11010,11200,3242368.49
11010,11210,2924823.33
11010,11220,5830390.76
11010,11230,7770350.75
11010,11240,4653697.03
11010,11250,2926371.68
11010,23010,702807.28
11010,23020,54511.04
11010,23030,479333.1
11010,23040,404268.44
11010,23050,574696.59
11010,23060,926874.26
11010,23070,477202.1
11010,23080,1066710.67
11010,23310,105304.28
11010,23320,6779.58
11010,31011,410971.07
11010,31012,392449.44
11010,31013,338641.36
11010,31014,538184.11
11010,31021,677551.66
11010,31022,415612.25
11010,31023,2173882.82
11010,31030,2399777.58
11010,31041,541475.07
11010,31042,947908.6
11010,31050,2273111.2399999998
11010,31060,833487.51
11010,31070,315636.6
11010,31080,295455.02
11010,31091,384972.49
11010,31092,367621.2
11010,31101,4379339.45
11010,31103,1706714.51
11010,31104,1298996.78
11010,31110,556962.23
11010,31120,1033182.82
11010,31130,2853523.92
11010,31140,195276.38
11010,31150,544909.5
11010,31160,601574.84
11010,31170,351686.19
11010,31180,1361793.42
11010,31191,413344.71
11010,31192,988002.3
11010,31193,1030394.26
11010,31200,1227211.93
11010,31210,191538.83
11010,31220,159066.08
11010,31230,1302698.07
11010,31240,808621.39
11010,31250,626515.77
11010,31260,977537.73
11010,31270,283511.5
11010,31280,127949.68
11010,31350,61431.44
11010,31370,196647.79
11010,31380,432699.01
11020,11010,26200336.79
11020,11020,97910162.47
11020,11030,13269534.04
11020,11040,14338180.55
11020,11050,4840370.29
11020,11060,8462212.84
11020,11070,3396075.4
11020,11080,9988395.13
11020,11090,5001597.29
11020,11100,3336818.51
11020,11110,5014988.97
11020,11120,6276070.38
11020,11130,10755948.58
11020,11140,9947179.63
11020,11150,2446512.91
11020,11160,4003400.91
11020,11170,2930542.72
11020,11180,1202605.96
11020,11190,6325472.39
11020,11200,4027102.09
11020,11210,3870103.16
11020,11220,6992453.55
11020,11230,10012475.24
11020,11240,5525751.04
11020,11250,3248872.15
11020,23010,940608.18
11020,23020,66131.89
11020,23030,530465.57
11020,23040,486331.98
11020,23050,590792.43
11020,23060,1078738.48
11020,23070,533196.88
11020,23080,1324733.04
11020,23310,83549.41
11020,23320,6915.42
11020,31011,409085.12
11020,31012,476464.02
11020,31013,404151.43
11020,31014,715730.01
11020,31021,818550.73
11020,31022,490155.84
11020,31023,2680081.53
11020,31030,2084579.45
11020,31041,585589.02
11020,31042,1176681.2
11020,31050,2660548.13
11020,31060,941787.14
11020,31070,339080.45
11020,31080,180945.79
11020,31091,474168.17
11020,31092,465939.77
11020,31101,3634610.16
11020,31103,1620813.14
11020,31104,1276673.15
11020,31110,660177.79
11020,31120,1099246.13
11020,31130,2975707.84
11020,31140,203939.84
11020,31150,628997.33
11020,31160,738853.59
11020,31170,459851.58
11020,31180,1558282.06
11020,31191,456112.63
11020,31192,1161147.28
11020,31193,1193196.77
11020,31200,1267044.08
11020,31210,189658.38999999998
11020,31220,149231.63999999998
11020,31230,1555946.89
11020,31240,1052765.09
11020,31250,752943.42
11020,31260,714778.62
11020,31270,224014.82
11020,31280,117232.23
11020,31350,40018.74
11020,31370,181717.65
11020,31380,362725.48
11030,11010,6765777.29
11030,11020,13046552.8
11030,11030,88016845.99
11030,11040,5003983.31
11030,11050,2110242.54
11030,11060,2612384.69
11030,11070,1350329.35
11030,11080,3199662.12
11030,11090,1484563.7
11030,11100,1035940.02
11030,11110,1906655.12
11030,11120,2661961.7
11030,11130,5085901.47
11030,11140,13023052.1
11030,11150,1606764.61
11030,11160,2898118.0
11030,11170,2219111.67
11030,11180,1062660.06
11030,11190,7041750.82
11030,11200,6609232.47
11030,11210,3617089.79
11030,11220,9001340.05
11030,11230,10179663.63
11030,11240,3254587.91
11030,11250,1433259.52
11030,23010,846087.0
11030,23020,42533.28
11030,23030,390781.6
11030,23040,418020.2
11030,23050,425250.34
11030,23060,754580.05
11030,23070,362042.42
11030,23080,830926.12
11030,23310,97674.82
11030,23320,6901.9
11030,31011,275274.59
11030,31012,323653.09
11030,31013,282672.29
11030,31014,445534.66
11030,31021,508301.38
11030,31022,233247.87
11030,31023,1663213.22
11030,31030,723684.22
11030,31041,412518.41
11030,31042,922879.8099999999
11030,31050,1872037.84
11030,31060,712388.51
11030,31070,412386.62
11030,31080,99115.92
11030,31091,276533.57
11030,31092,343425.31
11030,31101,2077652.04
11030,31103,1003508.64
11030,31104,743894.96
11030,31110,723956.12
11030,31120,558924.65
11030,31130,1500884.47
11030,31140,139349.08
11030,31150,452886.55
11030,31160,510621.28
11030,31170,343075.3
11030,31180,824857.96
11030,31191,357100.62
11030,31192,651755.96
11030,31193,587805.19
11030,31200,1056610.17
11030,31210,159228.13
11030,31220,119037.67
11030,31230,1051894.22
11030,31240,699792.75
11030,31250,472916.49
11030,31260,364866.55
11030,31270,166099.3
11030,31280,115895.03
11030,31350,36834.12
11030,31370,261009.63999999998
11030,31380,300495.23
11040,11010,6247915.74
11040,11020,14267361.68
11040,11030,5116128.07
11040,11040,107435089.61
11040,11050,17679223.47
11040,11060,15017553.31
11040,11070,4569318.07
11040,11080,4529423.8
11040,11090,2016344.74
11040,11100,1424532.02
11040,11110,3090723.53
11040,11120,1447898.49
11040,11130,2263396.73
11040,11140,3354084.1
11040,11150,777017.08
11040,11160,1519311.66
11040,11170,1091232.3
11040,11180,534110.72
11040,11190,2720131.26
11040,11200,1653535.2
11040,11210,1736609.21
11040,11220,5788187.67
11040,11230,15371326.6
11040,11240,6488774.53
11040,11250,3564932.15
11040,23010,530411.97
11040,23020,18435.71
11040,23030,171691.52
11040,23040,193601.51
11040,23050,221377.77
11040,23060,331212.06
11040,23070,172594.77
11040,23080,423190.47
11040,23310,65007.86
11040,23320,6943.5199999999995
11040,31011,168691.58
11040,31012,189427.18
11040,31013,172321.09
11040,31014,333764.33
11040,31021,875609.25
11040,31022,522324.08999999997
11040,31023,1777484.1
11040,31030,1221086.65
11040,31041,198017.86
11040,31042,458635.43
11040,31050,806965.77
11040,31060,343228.57
11040,31070,173467.63999999998
11040,31080,119076.23
11040,31091,177350.12
11040,31092,204902.12
11040,31101,1037935.19
11040,31103,503420.4
11040,31104,380464.89
11040,31110,318740.61
11040,31120,1474319.6
11040,31130,3205221.45
11040,31140,86554.1
11040,31150,268835.84
11040,31160,238038.39
11040,31170,177428.73
11040,31180,1850646.85
11040,31191,315124.89
11040,31192,602689.73
11040,31193,566735.08
11040,31200,525411.24
11040,31210,214207.56
11040,31220,125074.93
11040,31230,511530.31
11040,31240,511745.4
11040,31250,760365.56
11040,31260,477824.12
11040,31270,313432.75
11040,31280,136973.86
11040,31350,34578.38
11040,31370,254735.04
11040,31380,515436.16
11050,11010,3570532.9899999998
11050,11020,4776604.67
11050,11030,2097199.8
11050,11040,17276859.46
11050,11050,133773856.88
11050,11060,7805227.83
11050,11070,8761265.66
11050,11080,2304493.72
11050,11090,1132507.45
11050,11100,1114319.77
11050,11110,3640892.07
11050,11120,776643.0
11050,11130,1404396.52
11050,11140,2284463.45
11050,11150,548439.73
11050,11160,1147187.53
11050,11170,896671.14
11050,11180,540780.83
11050,11190,2061907.44
11050,11200,1583839.42
11050,11210,1514288.03
11050,11220,5264410.43
11050,11230,14866662.16
11050,11240,12737044.35
11050,11250,8219909.5
11050,23010,520533.25
11050,23020,13494.39
11050,23030,131081.23
11050,23040,165700.51
11050,23050,177936.39
11050,23060,249892.57
11050,23070,121450.5
11050,23080,308545.05
11050,23310,59129.12
11050,23320,7481.8
11050,31011,148437.87
11050,31012,170780.1
11050,31013,158254.72
11050,31014,279621.99
11050,31021,1037249.36
11050,31022,560042.81
11050,31023,1740978.71
11050,31030,1248555.08
11050,31041,165387.24
11050,31042,390207.65
11050,31050,647609.08
11050,31060,288076.79
11050,31070,207936.39
11050,31080,110771.76
11050,31091,151122.48
11050,31092,190549.7
11050,31101,615206.4
11050,31103,314443.02
11050,31104,243018.27
11050,31110,285950.71
11050,31120,3479202.37
11050,31130,4693063.57
11050,31140,101815.49
11050,31150,243730.5
11050,31160,198064.63999999998
11050,31170,168331.29
11050,31180,3350966.18
11050,31191,337390.18
11050,31192,565549.44
11050,31193,510627.46
11050,31200,396419.66
11050,31210,337866.77999999997
11050,31220,157580.3
11050,31230,372200.39
11050,31240,518750.78
11050,31250,981496.79
11050,31260,476626.64
11050,31270,438129.23
11050,31280,203915.98
11050,31350,42964.18
11050,31370,352431.37
11050,31380,578117.4
11060,11010,9209997.5
11060,11020,8403260.04
11060,11030,2668458.42
11060,11040,14904584.95
11060,11050,7703870.0
11060,11060,112916296.61
11060,11070,14075243.93
11060,11080,15046814.52
11060,11090,3640859.42
11060,11100,2790617.21
11060,11110,6793675.25
11060,11120,1357002.53
11060,11130,1954660.71
11060,11140,2699007.39
11060,11150,572541.86
11060,11160,1168598.08
11060,11170,949200.99
11060,11180,477832.55
11060,11190,2124028.98
11060,11200,1192110.93
11060,11210,983423.78
11060,11220,3001077.59
11060,11230,6789988.07
11060,11240,3865593.06
11060,11250,2861718.28
11060,23010,543500.73
11060,23020,20679.99
11060,23030,167143.04
11060,23040,148611.25
11060,23050,184643.92
11060,23060,294802.34
11060,23070,130182.42
11060,23080,341651.85
11060,23310,70416.14
11060,23320,7540.22
11060,31011,122964.06
11060,31012,146942.59
11060,31013,137137.36
11060,31014,193697.63
11060,31021,503056.52
11060,31022,283767.49
11060,31023,907932.08
11060,31030,2327258.69
11060,31041,183338.36
11060,31042,324243.27
11060,31050,718802.5
11060,31060,267721.13
11060,31070,163491.73
11060,31080,296457.86
11060,31091,127034.23
11060,31092,182412.82
11060,31101,939207.26
11060,31103,425323.07
11060,31104,307890.09
11060,31110,217214.33
11060,31120,1957767.94
11060,31130,4924138.89
11060,31140,88457.86
11060,31150,228919.48
11060,31160,199914.26
11060,31170,130015.81
11060,31180,1438578.35
11060,31191,259170.13
11060,31192,370639.69
11060,31193,281001.2
11060,31200,498259.23
11060,31210,201691.5
11060,31220,98615.59
11060,31230,386308.78
11060,31240,357870.19
11060,31250,519561.52
11060,31260,881325.19
11060,31270,482401.82
11060,31280,129826.53
11060,31350,76993.39
11060,31370,400605.93
11060,31380,744571.0
11070,11010,3303179.58
11070,11020,3440537.28
11070,11030,1374147.8
11070,11040,4602113.31
11070,11050,8518436.56
11070,11060,14030004.19
11070,11070,107977944.49
11070,11080,3748959.33
11070,11090,1619107.15
11070,11100,2135015.84
11070,11110,13844881.64
11070,11120,502220.75
11070,11130,754421.84
11070,11140,1285403.32
11070,11150,245193.71
11070,11160,641483.48
11070,11170,515605.27999999997
11070,11180,333376.83
11070,11190,1175135.73
11070,11200,710310.29
11070,11210,543399.08
11070,11220,2830983.96
11070,11230,6915806.85
11070,11240,3334932.26
11070,11250,2512004.42
11070,23010,332249.04
11070,23020,8986.72
11070,23030,78883.87
11070,23040,86965.31
11070,23050,106864.22
11070,23060,141208.66999999998
11070,23070,79747.32
11070,23080,201725.88999999998
11070,23310,55902.82
11070,23320,7908.05
11070,31011,68712.86
11070,31012,89592.44
11070,31013,81487.19
11070,31014,106333.26
11070,31021,354700.93
11070,31022,218706.72
11070,31023,626383.32
11070,31030,1903574.31
11070,31041,89142.87
11070,31042,190628.12
11070,31050,351345.46
11070,31060,151639.9
11070,31070,128606.38
11070,31080,174366.46
11070,31091,76756.36
11070,31092,118542.12
11070,31101,482316.55
11070,31103,240297.75
11070,31104,169913.49
11070,31110,185247.34
11070,31120,5409079.07
11070,31130,10271862.56
11070,31140,57595.33
11070,31150,156857.18
11070,31160,99632.64
11070,31170,78072.54
11070,31180,1441790.68
11070,31191,204659.79
11070,31192,206005.28
11070,31193,147831.72
11070,31200,346923.24
11070,31210,221918.94
11070,31220,94523.37
11070,31230,250225.22
11070,31240,291354.15
11070,31250,488141.21
11070,31260,815057.42
11070,31270,693363.97
11070,31280,134197.21
11070,31350,65716.33
11070,31370,564369.28
11070,31380,774327.55
11080,11010,17751592.03
11080,11020,10144634.49
11080,11030,3295848.04
11080,11040,4567761.85
11080,11050,2285233.96
11080,11060,15007003.89
11080,11070,3736525.04
11080,11080,130583850.53
11080,11090,20291606.36
11080,11100,5229782.3
11080,11110,11333878.3
11080,11120,1786577.14
11080,11130,2653773.8
11080,11140,3333896.57
11080,11150,620211.13
11080,11160,1241303.85
11080,11170,843792.04
11080,11180,443946.69
11080,11190,2303646.7
11080,11200,1172161.79
11080,11210,977425.87
11080,11220,3545243.73
11080,11230,6223881.27
11080,11240,2653985.73
11080,11250,1283085.7
11080,23010,586821.55
11080,23020,18292.67
11080,23030,140675.3
11080,23040,160385.63999999998
11080,23050,167125.61
11080,23060,230602.74
11080,23070,125329.01
11080,23080,336079.51
11080,23310,95686.27
11080,23320,9092.36
11080,31011,125680.65
11080,31012,125605.05
11080,31013,118186.64
11080,31014,189756.22
11080,31021,327691.35
11080,31022,190286.19
11080,31023,860441.57
11080,31030,2223718.41
11080,31041,146522.96
11080,31042,343766.74
11080,31050,578000.52
11080,31060,244841.41
11080,31070,159731.3
11080,31080,234732.3
11080,31091,126274.03
11080,31092,176848.95
11080,31101,1245604.67
11080,31103,514751.11
11080,31104,365150.07
11080,31110,297075.79
11080,31120,896230.38
11080,31130,3025251.71
11080,31140,71345.7
11080,31150,221678.78
11080,31160,181660.91
11080,31170,127771.04
11080,31180,744273.83
11080,31191,243205.75
11080,31192,320325.87
11080,31193,255298.29
11080,31200,616015.22
11080,31210,180516.63
11080,31220,100096.3
11080,31230,453651.16
11080,31240,378890.97
11080,31250,383096.02
11080,31260,914070.88
11080,31270,499783.81
11080,31280,115688.9
11080,31350,76847.1
11080,31370,306233.34
11080,31380,391456.11
11090,11010,5657001.5
11090,11020,5004373.69
11090,11030,1498874.74
11090,11040,2027403.67
11090,11050,1110908.89
11090,11060,3620909.82
11090,11070,1615019.19
11090,11080,20360701.87
11090,11090,84948667.72
11090,11100,18129029.55
11090,11110,8585778.42
11090,11120,697149.55
11090,11130,1054663.6
11090,11140,1401693.29
11090,11150,251761.52
11090,11160,611031.47
11090,11170,455477.9
11090,11180,267987.98
11090,11190,1106463.48
11090,11200,551995.15
11090,11210,459635.8
11090,11220,1674133.58
11090,11230,3114563.75
11090,11240,1314410.41
11090,11250,680094.04
11090,23010,277133.18
11090,23020,12659.28
11090,23030,78766.31999999999
11090,23040,75056.71
11090,23050,95232.51
11090,23060,116524.06999999999
11090,23070,80468.73
11090,23080,172559.13999999998
11090,23310,52042.31
11090,23320,6980.0199999999995
11090,31011,50627.39
11090,31012,63510.14
11090,31013,63311.97
11090,31014,73777.24
11090,31021,148726.43
11090,31022,94333.09
11090,31023,338614.21
11090,31030,2947045.5
11090,31041,74738.42
11090,31042,154140.84
11090,31050,289716.01
11090,31060,112927.61
11090,31070,98941.21
11090,31080,214893.08
11090,31091,65656.87
11090,31092,100343.99
11090,31101,659430.82
11090,31103,274009.47
11090,31104,193402.17
11090,31110,162766.85
11090,31120,465184.71
11090,31130,1849750.23
11090,31140,42214.6
11090,31150,121654.66
11090,31160,110969.2
11090,31170,65600.13
11090,31180,378117.98
11090,31191,126650.93
11090,31192,144350.25
11090,31193,111995.87
11090,31200,359336.29
11090,31210,112870.43
11090,31220,60391.89
11090,31230,234865.28
11090,31240,219576.91999999998
11090,31250,217306.93
11090,31260,1102413.48
11090,31270,528488.9
11090,31280,66500.35
11090,31350,83568.48
11090,31370,176238.66
11090,31380,194451.93
11100,11010,3716603.89
11100,11020,3462881.42
11100,11030,1083021.69
11100,11040,1468125.79
11100,11050,1111480.3
11100,11060,2790278.86
11100,11070,2136250.6
11100,11080,5236599.57
11100,11090,17794634.6
11100,11100,72869232.8
11100,11110,20445214.55
11100,11120,442986.14
11100,11130,691062.8099999999
11100,11140,997963.62
11100,11150,180731.07
11100,11160,461303.7
11100,11170,379254.94
11100,11180,220144.5
11100,11190,891285.71
11100,11200,441332.58
11100,11210,330336.69
11100,11220,1446120.17
11100,11230,2632854.95
11100,11240,1211536.1
11100,11250,654899.8
11100,23010,249587.99
11100,23020,8071.18
11100,23030,58486.75
11100,23040,61093.1
11100,23050,81947.42
11100,23060,97012.11
11100,23070,60648.979999999996
11100,23080,152697.8
11100,23310,55042.09
11100,23320,5932.01
11100,31011,43384.3
11100,31012,50691.59
11100,31013,49537.57
11100,31014,64797.99
11100,31021,136049.92
11100,31022,86703.12
11100,31023,299322.42
11100,31030,7492175.76
11100,31041,59250.45
11100,31042,130008.85
11100,31050,230009.29
11100,31060,93642.45
11100,31070,84124.98
11100,31080,518766.93
11100,31091,43819.97
11100,31092,86329.47
11100,31101,541009.63
11100,31103,251485.07
11100,31104,152794.19
11100,31110,120663.84
11100,31120,541963.49
11100,31130,2318624.47
11100,31140,36755.09
11100,31150,98939.04
11100,31160,74963.18
11100,31170,57888.53
11100,31180,377629.85
11100,31191,115496.37
11100,31192,119995.36
11100,31193,92081.61
11100,31200,400499.92
11100,31210,113023.1
11100,31220,53365.58
11100,31230,201824.53
11100,31240,181840.01
11100,31250,200910.12
11100,31260,2052914.35
11100,31270,911675.16
11100,31280,66328.69
11100,31350,148651.62
11100,31370,205620.95
11100,31380,212202.22
11110,11010,5298709.54
11110,11020,5104647.1
11110,11030,1936692.66
11110,11040,3123673.2199999997
11110,11050,3516582.32
11110,11060,6745262.09
11110,11070,13852532.77
11110,11080,11347250.09
11110,11090,8642088.3
11110,11100,20521822.79
11110,11110,169274706.67
11110,11120,805036.57
11110,11130,1274523.44
11110,11140,1890895.51
11110,11150,365345.52999999997
11110,11160,910078.46
11110,11170,650810.75
11110,11180,399423.72
11110,11190,1627341.79
11110,11200,892313.69
11110,11210,682687.75
11110,11220,3134025.93
11110,11230,6314114.08
11110,11240,3005603.42
11110,11250,1746382.92
11110,23010,504771.02999999997
11110,23020,13728.31
11110,23030,109717.25
11110,23040,123103.55
11110,23050,154744.1
11110,23060,184026.04
11110,23070,107946.06999999999
11110,23080,276820.2
11110,23310,91145.91
11110,23320,9346.88
11110,31011,86603.1
11110,31012,103818.4
11110,31013,97838.26
11110,31014,148142.63999999998
11110,31021,337557.44
11110,31022,193932.51
11110,31023,729968.39
11110,31030,9827028.7
11110,31041,116787.68
11110,31042,240360.34
11110,31050,444061.45
11110,31060,188831.48
11110,31070,160118.9
11110,31080,594485.94
11110,31091,84868.63
11110,31092,136716.56
11110,31101,888587.5
11110,31103,453254.48
11110,31104,283509.02
11110,31110,220745.07
11110,31120,2402540.9
11110,31130,11466271.14
11110,31140,69952.36
11110,31150,178492.38
11110,31160,115998.15
11110,31170,106310.69
11110,31180,1105678.49
11110,31191,240876.7
11110,31192,264231.51
11110,31193,205417.0
11110,31200,612572.81
11110,31210,256695.29
11110,31220,117293.55
11110,31230,362520.29
11110,31240,345952.94
11110,31250,453176.11
11110,31260,2599656.01
11110,31270,1576386.23
11110,31280,146503.78
11110,31350,174167.32
11110,31370,456761.99
11110,31380,527504.14
11120,11010,9312748.81
11120,11020,6392459.36
11120,11030,2725834.27
11120,11040,1475586.79
11120,11050,769553.2
11120,11060,1362391.81
11120,11070,510497.33
11120,11080,1774180.53
11120,11090,699727.48
11120,11100,445728.8
11120,11110,810205.95
11120,11120,141644808.08
11120,11130,19257728.05
11120,11140,13716290.27
11120,11150,1098559.08
11120,11160,2735731.82
11120,11170,1281567.87
11120,11180,704335.24
11120,11190,3636199.62
11120,11200,1007405.04
11120,11210,999102.39
11120,11220,2860628.23
11120,11230,4375119.62
11120,11240,1413369.5
11120,11250,610445.39
11120,23010,724079.33
11120,23020,28164.95
11120,23030,170122.97
11120,23040,181479.38999999998
11120,23050,212285.47
11120,23060,311528.72
11120,23070,268615.0
11120,23080,641439.38
11120,23310,179034.05
11120,23320,14363.1
11120,31011,79876.42
11120,31012,101812.11
11120,31013,95650.42
11120,31014,122630.5
11120,31021,204929.8
11120,31022,98557.42
11120,31023,502868.04
11120,31030,705935.96
11120,31041,149862.2
11120,31042,247464.82
11120,31050,819085.82
11120,31060,317582.96
11120,31070,137621.1
11120,31080,79913.96
11120,31091,101481.74
11120,31092,166659.52
11120,31101,21239275.75
11120,31103,3457611.66
11120,31104,1642463.92
11120,31110,229980.3
11120,31120,223835.02
11120,31130,704364.51
11120,31140,58752.11
11120,31150,264133.1
11120,31160,137713.73
11120,31170,98705.02
11120,31180,307785.25
11120,31191,179807.89
11120,31192,194140.23
11120,31193,152863.2
11120,31200,2694394.11
11120,31210,111684.44
11120,31220,82292.61
11120,31230,1084743.53
11120,31240,337713.0
11120,31250,213396.47
11120,31260,1879182.89
11120,31270,231914.24
11120,31280,76133.14
11120,31350,74948.38
11120,31370,175928.68
11120,31380,188189.46
11130,11010,15509151.36
11130,11020,11179456.27
11130,11030,5259104.6
11130,11040,2270164.27
11130,11050,1402998.46
11130,11060,1958122.79
11130,11070,742012.75
11130,11080,2614402.88
11130,11090,1052727.21
11130,11100,663959.63
11130,11110,1245267.25
11130,11120,19155968.37
11130,11130,103513343.66
11130,11140,31857917.02
11130,11150,2173279.27
11130,11160,3796463.46
11130,11170,1905562.24
11130,11180,821378.87
11130,11190,5843520.17
11130,11200,1799322.3699999999
11130,11210,1920355.96
11130,11220,3623344.93
11130,11230,5051794.62
11130,11240,2192186.39
11130,11250,988994.92
11130,23010,809095.39
11130,23020,32656.1
11130,23030,287371.38
11130,23040,398922.61
11130,23050,335289.19
11130,23060,550562.58
11130,23070,370434.48
11130,23080,850313.47
11130,23310,169752.13999999998
11130,23320,9255.52
11130,31011,171615.58
11130,31012,172315.25
11130,31013,149194.83
11130,31014,253778.49
11130,31021,269735.68
11130,31022,141529.1
11130,31023,940992.1900000001
11130,31030,526311.1
11130,31041,269993.84
11130,31042,420776.64
11130,31050,1390573.99
11130,31060,531364.25
11130,31070,171610.19
11130,31080,66955.49
11130,31091,156537.82
11130,31092,202908.46
11130,31101,6072058.61
11130,31103,1937866.86
11130,31104,1225320.03
11130,31110,305295.75
11130,31120,312702.81
11130,31130,879876.57
11130,31140,79818.76
11130,31150,338375.06
11130,31160,259142.37
11130,31170,164420.29
11130,31180,461049.08999999997
11130,31191,221151.13999999998
11130,31192,366881.5
11130,31193,327895.55
11130,31200,1636186.38
11130,31210,113272.29
11130,31220,87741.01
11130,31230,1330383.33
11130,31240,453941.04
11130,31250,263477.29
11130,31260,462713.33
11130,31270,157393.97
11130,31280,75255.26
11130,31350,57001.02
11130,31370,150172.9
11130,31380,186896.55
11140,11010,7928373.75
11140,11020,9621615.26
11140,11030,13123206.1
11140,11040,3262071.96
11140,11050,2320854.31
11140,11060,2753431.15
11140,11070,1317987.01
11140,11080,3365235.03
11140,11090,1443855.53
11140,11100,997267.71
11140,11110,1909009.6
11140,11120,14018252.42
11140,11130,32125211.32
11140,11140,164509144.67
11140,11150,4940458.21
11140,11160,9407382.88
11140,11170,4122693.4899999998
11140,11180,1756750.83
11140,11190,14507274.01
11140,11200,3682693.0
11140,11210,4578223.89
11140,11220,5086298.32
11140,11230,7161474.52
11140,11240,3211625.4899999998
11140,11250,1552761.9
11140,23010,1471831.03
11140,23020,65804.21
11140,23030,614992.37
11140,23040,625545.29
11140,23050,739368.52
11140,23060,1248748.19
11140,23070,985171.95
11140,23080,2273753.28
11140,23310,249317.71
11140,23320,13450.95
11140,31011,290030.91
11140,31012,327495.0
11140,31013,287741.83
11140,31014,426204.37
11140,31021,472755.3
11140,31022,253517.58
11140,31023,1344242.78
11140,31030,809252.23
11140,31041,554564.94
11140,31042,795335.59
11140,31050,3082879.36
11140,31060,1205732.73
11140,31070,275978.26
11140,31080,89730.73
11140,31091,329681.65
11140,31092,386763.48
11140,31101,8978462.79
11140,31103,3220864.03
11140,31104,2339194.53
11140,31110,469127.07
11140,31120,504236.42
11140,31130,1395703.12
11140,31140,126844.59
11140,31150,686821.79
11140,31160,508427.3
11140,31170,297042.14
11140,31180,784792.73
11140,31191,327335.51
11140,31192,546489.34
11140,31193,519450.02
11140,31200,3114189.5
11140,31210,154223.04
11140,31220,137238.62
11140,31230,3056415.41
11140,31240,765822.07
11140,31250,425779.31
11140,31260,469416.98
11140,31270,197892.08
11140,31280,110725.52
11140,31350,57444.25
11140,31370,205403.98
11140,31380,276820.56
11150,11010,2396777.36
11150,11020,2567138.86
11150,11030,1662034.89
11150,11040,794065.71
11150,11050,550018.99
11150,11060,582970.26
11150,11070,244064.7
11150,11080,624878.48
11150,11090,251936.41
11150,11100,179082.99
11150,11110,368694.08
11150,11120,1094764.55
11150,11130,2220058.15
11150,11140,4841564.6
11150,11150,102310941.83
11150,11160,34515886.28
11150,11170,11409162.75
11150,11180,1750440.21
11150,11190,14198157.16
11150,11200,1888363.92
11150,11210,2058197.94
11150,11220,2644209.36
11150,11230,3429960.98
11150,11240,1210887.05
11150,11250,439197.99
11150,23010,989618.86
11150,23020,70754.17
11150,23030,432070.3
11150,23040,400293.7
11150,23050,559831.64
11150,23060,964694.63
11150,23070,816831.64
11150,23080,1341397.8699999999
11150,23310,280757.65
11150,23320,19536.51
11150,31011,122459.44
11150,31012,144092.82
11150,31013,123380.41
11150,31014,159326.93
11150,31021,186362.8
11150,31022,86788.5
11150,31023,521829.98
11150,31030,183026.19
11150,31041,361257.67
11150,31042,406637.21
11150,31050,7328108.13
11150,31060,2002872.28
11150,31070,194942.41
11150,31080,34431.68
11150,31091,196212.32
11150,31092,307281.23
11150,31101,1531645.73
11150,31103,800993.12
11150,31104,514986.36
11150,31110,266374.73
11150,31120,111640.99
11150,31130,364004.22
11150,31140,79571.56999999999
11150,31150,891630.92
11150,31160,244127.48
11150,31170,166262.88
11150,31180,242623.12
11150,31191,216560.69
11150,31192,215079.84
11150,31193,149479.58
11150,31200,882438.83
11150,31210,104828.64
11150,31220,91656.97
11150,31230,2599898.42
11150,31240,531142.41
11150,31250,214613.99
11150,31260,186949.0
11150,31270,125194.18
11150,31280,79626.0
11150,31350,42666.35
11150,31370,142218.73
11150,31380,133293.93
11160,11010,3634294.03
11160,11020,4007399.7399999998
11160,11030,2845920.6
11160,11040,1436942.0
11160,11050,1048451.05
11160,11060,1069210.85
11160,11070,571418.0
11160,11080,1115147.06
11160,11090,558354.71
11160,11100,413852.52
11160,11110,802800.68
11160,11120,2609147.02
11160,11130,3643090.47
11160,11140,9077392.3
11160,11150,34563765.75
11160,11160,192019644.94
11160,11170,5788781.44
11160,11180,1983135.02
11160,11190,14607672.47
11160,11200,2935164.3
11160,11210,2788770.87
11160,11220,4276508.48
11160,11230,5845623.46
11160,11240,2310621.89
11160,11250,983903.49
11160,23010,2925836.32
11160,23020,87048.16
11160,23030,735374.5599999999
11160,23040,742683.33
11160,23050,947377.23
11160,23060,1817045.88
11160,23070,2683760.17
11160,23080,4583450.12
11160,23310,621407.83
11160,23320,26384.3
11160,31011,225212.47
11160,31012,283952.58
11160,31013,233982.7
11160,31014,284171.3
11160,31021,344895.46
11160,31022,190984.46
11160,31023,960685.32
11160,31030,505603.98
11160,31041,512042.76
11160,31042,642951.47
11160,31050,9109602.62
11160,31060,1484894.73
11160,31070,304408.06
11160,31080,68466.1
11160,31091,292345.6
11160,31092,496598.96
11160,31101,4839546.79
11160,31103,2466486.38
11160,31104,1606530.73
11160,31110,405119.17
11160,31120,269279.81
11160,31130,789168.0
11160,31140,139123.26
11160,31150,1100038.09
11160,31160,435185.73
11160,31170,256123.16
11160,31180,515638.06
11160,31191,306793.65
11160,31192,401403.82
11160,31193,351217.52
11160,31200,2338170.36
11160,31210,160711.71
11160,31220,139570.1
11160,31230,11066588.98
11160,31240,781985.28
11160,31250,373000.27999999997
11160,31260,412589.66
11160,31270,207966.67
11160,31280,104624.27
11160,31350,89915.56999999999
11160,31370,208336.15
11160,31380,210178.48
11170,11010,2435104.98
11170,11020,2954911.91
11170,11030,2256667.44
11170,11040,1077086.68
11170,11050,903907.55
11170,11060,949623.92
11170,11070,510739.3
11170,11080,827026.98
11170,11090,443290.04
11170,11100,365659.16
11170,11110,637984.57
11170,11120,1257379.2
11170,11130,1891060.12
11170,11140,4093969.79
11170,11150,11485946.41
11170,11160,5894720.43
11170,11170,107691470.91
11170,11180,10618545.48
11170,11190,20999640.11
11170,11200,4825866.46
11170,11210,8922799.99
11170,11220,3840642.59
11170,11230,5071008.92
11170,11240,1807636.3
11170,11250,772104.55
11170,23010,1040849.81
11170,23020,147349.03
11170,23030,959615.61
11170,23040,773885.17
11170,23050,1306563.66
11170,23060,2297093.06
11170,23070,763819.04
11170,23080,1591167.4
11170,23310,204456.2
11170,23320,31226.5
11170,31011,367545.84
11170,31012,474755.44
11170,31013,422864.45
11170,31014,347021.47
11170,31021,356680.3
11170,31022,199919.2
11170,31023,893292.42
11170,31030,372802.85
11170,31041,1411874.08
11170,31042,1161932.25
11170,31050,13612229.77
11170,31060,13530793.0
11170,31070,493239.4
11170,31080,65418.72
11170,31091,575196.08
11170,31092,924803.78
11170,31101,1272336.94
11170,31103,695863.07
11170,31104,487041.66
11170,31110,508247.93
11170,31120,203280.58
11170,31130,619808.34
11170,31140,255084.47
11170,31150,3234415.61
11170,31160,900288.76
11170,31170,442889.62
11170,31180,380401.9
11170,31191,361075.19
11170,31192,391840.93
11170,31193,327885.77
11170,31200,929779.22
11170,31210,184442.34
11170,31220,168554.73
11170,31230,1551472.51
11170,31240,1294030.96
11170,31250,371210.21
11170,31260,285888.12
11170,31270,131373.34
11170,31280,105454.18
11170,31350,40280.14
11170,31370,147768.9
11170,31380,162014.15
11180,11010,1019071.41
11180,11020,1288986.75
11180,11030,1117261.29
11180,11040,556775.51
11180,11050,534896.53
11180,11060,475862.49
11180,11070,323531.88
11180,11080,428974.63
11180,11090,263165.73
11180,11100,207517.49
11180,11110,381748.94
11180,11120,665636.85
11180,11130,824316.4
11180,11140,1805805.74
11180,11150,1754330.01
11180,11160,2035770.85
11180,11170,10493972.83
11180,11180,57929429.4
11180,11190,6682019.27
11180,11200,3344359.56
11180,11210,10762833.15
11180,11220,2293127.04
11180,11230,2867943.61
11180,11240,1022698.04
11180,11250,430497.23
11180,23010,471214.72
11180,23020,53540.68
11180,23030,473690.35
11180,23040,424787.34
11180,23050,685297.32
11180,23060,1097959.17
11180,23070,374570.65
11180,23080,804148.49
11180,23310,68357.0
11180,23320,20430.5
11180,31011,402238.82
11180,31012,475318.96
11180,31013,384363.6
11180,31014,289994.99
11180,31021,239306.26
11180,31022,140845.38
11180,31023,602940.8
11180,31030,194572.07
11180,31041,3150978.51
11180,31042,1732153.71
11180,31050,3253540.46
11180,31060,10243075.07
11180,31070,335796.37
11180,31080,23954.97
11180,31091,555223.02
11180,31092,697369.16
11180,31101,588843.53
11180,31103,328124.35
11180,31104,241183.74
11180,31110,412963.6
11180,31120,117601.76
11180,31130,325181.65
11180,31140,198339.79
11180,31150,2040473.07
11180,31160,1095019.99
11180,31170,514098.48
11180,31180,231916.81
11180,31191,230242.99
11180,31192,301024.18
11180,31193,226025.27
11180,31200,427098.21
11180,31210,112039.27
11180,31220,101378.41
11180,31230,620598.98
11180,31240,1024153.73
11180,31250,269083.17
11180,31260,120174.93
11180,31270,59993.43
11180,31280,64794.43
11180,31350,14911.289999999999
11180,31370,66316.4
11180,31380,83447.51
11190,11010,5249396.37
11190,11020,6350999.58
11190,11030,7162915.16
11190,11040,2654032.73
11190,11050,2065725.56
11190,11060,2102527.87
11190,11070,1156280.55
11190,11080,2256474.14
11190,11090,1104687.69
11190,11100,860324.0599999999
11190,11110,1605748.07
11190,11120,3576789.55
11190,11130,5849157.11
11190,11140,14843139.78
11190,11150,14178945.88
11190,11160,14867789.3
11190,11170,20932336.49
11190,11180,6635391.32
11190,11190,167203427.41
11190,11200,18089287.57
11190,11210,10683096.24
11190,11220,7948639.3
11190,11230,9696257.39
11190,11240,4131587.62
11190,11250,1969846.74
11190,23010,1413535.84
11190,23020,137871.47
11190,23030,1173576.46
11190,23040,909819.52
11190,23050,1311838.98
11190,23060,2610829.53
11190,23070,1128103.86
11190,23080,2610269.81
11190,23310,282795.07
11190,23320,23264.579999999998
11190,31011,538257.7
11190,31012,694767.63
11190,31013,611710.51
11190,31014,577247.89
11190,31021,671187.12
11190,31022,344766.55
11190,31023,1707032.52
11190,31030,766553.08
11190,31041,1561304.15
11190,31042,1497417.29
11190,31050,7775559.59
11190,31060,4121557.43
11190,31070,649178.0
11190,31080,101326.72
11190,31091,666400.17
11190,31092,893217.8099999999
11190,31101,3439293.43
11190,31103,1853936.06
11190,31104,1358136.03
11190,31110,801170.54
11190,31120,474116.79
11190,31130,1292007.29
11190,31140,330658.79
11190,31150,1825069.18
11190,31160,1111783.11
11190,31170,541814.02
11190,31180,956051.57
11190,31191,455133.3
11190,31192,719397.0
11190,31193,695145.55
11190,31200,1894281.93
11190,31210,229537.7
11190,31220,204554.6
11190,31230,3978866.51
11190,31240,1393229.69
11190,31250,553156.22
11190,31260,445573.14
11190,31270,210641.18
11190,31280,152659.23
11190,31350,59997.72
11190,31370,211394.07
11190,31380,271416.85
11200,11010,3228943.92
11200,11020,4090279.86
11200,11030,6558804.67
11200,11040,1685020.13
11200,11050,1581146.16
11200,11060,1204459.05
11200,11070,720452.94
11200,11080,1175294.15
11200,11090,557223.07
11200,11100,450711.52
11200,11110,917776.97
11200,11120,1019432.33
11200,11130,1835986.54
11200,11140,3660239.52
11200,11150,1912426.74
11200,11160,3033731.43
11200,11170,4824196.75
11200,11180,3331719.8
11200,11190,18018349.46
11200,11200,100018148.21
11200,11210,22044565.33
11200,11220,19491998.26
11200,11230,10277086.3
11200,11240,2984029.32
11200,11250,1128721.91
11200,23010,699341.87
11200,23020,35214.08
11200,23030,327188.47
11200,23040,334151.45
11200,23050,422931.36
11200,23060,713129.17
11200,23070,311158.35
11200,23080,668340.85
11200,23310,138364.1
11200,23320,13811.14
11200,31011,344525.91
11200,31012,329404.67
11200,31013,270326.72
11200,31014,358278.92
11200,31021,488766.46
11200,31022,236585.11
11200,31023,1359115.65
11200,31030,360567.85
11200,31041,726408.86
11200,31042,1312833.08
11200,31050,2183775.17
11200,31060,1661723.11
11200,31070,267800.11
11200,31080,54522.57
11200,31091,347054.97
11200,31092,421080.57
11200,31101,987648.75
11200,31103,563280.38
11200,31104,401370.57
11200,31110,1512441.04
11200,31120,251841.42
11200,31130,780424.13
11200,31140,134154.86
11200,31150,763434.89
11200,31160,625908.11
11200,31170,590742.97
11200,31180,572403.58
11200,31191,354448.37
11200,31192,508042.19
11200,31193,453049.14
11200,31200,628045.14
11200,31210,174986.04
11200,31220,166943.2
11200,31230,988244.62
11200,31240,907244.48
11200,31250,401859.1
11200,31260,226576.29
11200,31270,134515.88
11200,31280,124989.74
11200,31350,31517.6
11200,31370,170123.63
11200,31380,226866.2
11210,11010,2907040.66
11210,11020,3936525.44
11210,11030,3603851.39
11210,11040,1770222.56
11210,11050,1485988.69
11210,11060,997890.58
11210,11070,558246.02
11210,11080,990317.17
11210,11090,463777.5
11210,11100,335246.47
11210,11110,693708.52
11210,11120,1005781.39
11210,11130,1946947.66
11210,11140,4415496.16
11210,11150,2088802.31
11210,11160,2956929.62
11210,11170,8747682.53
11210,11180,11035832.56
11210,11190,10635432.17
11210,11200,22018666.71
11210,11210,136776244.25
11210,11220,15203025.71
11210,11230,14725883.84
11210,11240,3888718.63
11210,11250,1069962.5
11210,23010,759733.85
11210,23020,45619.979999999996
11210,23030,413551.77
11210,23040,452307.62
11210,23050,572189.0
11210,23060,816657.99
11210,23070,320159.55
11210,23080,694123.57
11210,23310,123882.75
11210,23320,25987.22
11210,31011,468921.48
11210,31012,443645.39
11210,31013,374859.12
11210,31014,492913.09
11210,31021,629500.42
11210,31022,268824.88
11210,31023,1807342.26
11210,31030,305430.38
11210,31041,1765443.26
11210,31042,1750143.46
11210,31050,2520698.9899999998
11210,31060,3016346.69
11210,31070,337251.77
11210,31080,45817.54
11210,31091,446204.8
11210,31092,598503.67
11210,31101,833276.21
11210,31103,478255.34
11210,31104,356680.38
11210,31110,1930973.82
11210,31120,225886.32
11210,31130,673229.43
11210,31140,167612.83
11210,31150,1524903.1
11210,31160,825707.21
11210,31170,718209.08
11210,31180,518881.74
11210,31191,427576.96
11210,31192,565672.56
11210,31193,510928.39
11210,31200,585393.26
11210,31210,237608.63
11210,31220,170925.04
11210,31230,798239.13
11210,31240,1087241.87
11210,31250,522943.63
11210,31260,202045.38
11210,31270,119424.29
11210,31280,137271.5
11210,31350,29310.23
11210,31370,172482.16
11210,31380,209156.32
11220,11010,5689420.05
11220,11020,6934664.34
11220,11030,9026877.05
11220,11040,5711869.12
11220,11050,5248022.9
11220,11060,2957359.82
11220,11070,2782447.09
11220,11080,3413426.25
11220,11090,1635387.11
11220,11100,1379823.81
11220,11110,3067702.84
11220,11120,2757738.09
11220,11130,3492340.52
11220,11140,5110356.72
11220,11150,2559457.33
11220,11160,4393622.54
11220,11170,3793840.9
11220,11180,2150878.0
11220,11190,7856110.81
11220,11200,19591211.65
11220,11210,15236788.93
11220,11220,190786991.71
11220,11230,62496347.46
11220,11240,13449147.61
11220,11250,4507242.38
11220,23010,1093550.32
11220,23020,55464.92
11220,23030,578637.94
11220,23040,903021.3
11220,23050,806283.83
11220,23060,1114763.56
11220,23070,525216.13
11220,23080,1180866.66
11220,23310,139937.49
11220,23320,15049.92
11220,31011,1101787.56
11220,31012,1079599.22
11220,31013,860413.2
11220,31014,2145829.55
11220,31021,3722858.69
11220,31022,1573645.16
11220,31023,8953976.05
11220,31030,1182479.93
11220,31041,1080682.91
11220,31042,3440053.17
11220,31050,2910843.56
11220,31060,1722394.3
11220,31070,842172.13
11220,31080,111288.4
11220,31091,824814.11
11220,31092,815160.25
11220,31101,2050607.86
11220,31103,1220151.14
11220,31104,876862.92
11220,31110,5154581.07
11220,31120,1105947.07
11220,31130,2826327.54
11220,31140,499847.11
11220,31150,1250631.29
11220,31160,1645249.65
11220,31170,1733249.21
11220,31180,2737741.37
11220,31191,1477288.55
11220,31192,3327160.78
11220,31193,4124470.67
11220,31200,926618.35
11220,31210,625366.27
11220,31220,572172.75
11220,31230,1631144.96
11220,31240,2810755.8
11220,31250,2391304.78
11220,31260,475674.48
11220,31270,336241.71
11220,31280,467045.06
11220,31350,40147.77
11220,31370,337194.37
11220,31380,577957.92
11230,11010,7931392.2299999995
11230,11020,10252384.67
11230,11030,10551856.78
11230,11040,15450615.92
11230,11050,15123630.62
11230,11060,6775628.21
11230,11070,6770484.76
11230,11080,6079861.13
11230,11090,3083220.07
11230,11100,2517425.42
11230,11110,6266820.53
11230,11120,4273898.4
11230,11130,4948069.31
11230,11140,7522903.82
11230,11150,3356265.03
11230,11160,6091938.46
11230,11170,5087148.3
11230,11180,2686580.83
11230,11190,9814378.71
11230,11200,10293594.3
11230,11210,14696086.76
11230,11220,62651415.51
11230,11230,323565015.16
11230,11240,41703410.35
11230,11250,11393381.64
11230,23010,1523372.02
11230,23020,76401.25
11230,23030,844353.8
11230,23040,1238102.03
11230,23050,1099488.73
11230,23060,1655185.11
11230,23070,721764.89
11230,23080,1734388.3
11230,23310,138558.91
11230,23320,17992.5
11230,31011,1301276.19
11230,31012,1419976.9
11230,31013,1165095.34
11230,31014,2944619.95
11230,31021,7942468.37
11230,31022,3326185.48
11230,31023,13787478.53
11230,31030,2500368.67
11230,31041,1236306.29
11230,31042,3441753.97
11230,31050,4035992.25
11230,31060,2132455.3
11230,31070,1113100.32
11230,31080,207817.34
11230,31091,987401.47
11230,31092,1095872.73
11230,31101,2989427.11
11230,31103,1737304.92
11230,31104,1318771.05
11230,31110,2535835.07
11230,31120,2925049.17
11230,31130,6844482.18
11230,31140,721409.45
11230,31150,1593561.38
11230,31160,1727850.42
11230,31170,1474076.45
11230,31180,7010689.42
11230,31191,1807770.58
11230,31192,4867383.9799999995
11230,31193,5734268.36
11230,31200,1293538.3
11230,31210,876564.57
11230,31220,511334.04
11230,31230,2144252.78
11230,31240,3665091.11
11230,31250,4184312.6
11230,31260,913674.7
11230,31270,539421.93
11230,31280,607414.46
11230,31350,55540.08
11230,31370,598839.86
11230,31380,1119039.21
11240,11010,4600339.38
11240,11020,5613933.92
11240,11030,3309513.89
11240,11040,6412478.59
11240,11050,12967541.68
11240,11060,3895108.95
11240,11070,3357682.13
11240,11080,2632449.28
11240,11090,1319382.55
11240,11100,1196979.91
11240,11110,2999152.09
11240,11120,1407994.62
11240,11130,2191280.08
11240,11140,3227297.69
11240,11150,1207422.92
11240,11160,2566350.99
11240,11170,1821153.71
11240,11180,1006959.66
11240,11190,4210402.57
11240,11200,2973632.9
11240,11210,3915874.6
11240,11220,13480073.02
11240,11230,41747185.26
11240,11240,303628667.41
11240,11250,33344247.93
11240,23010,1057831.43
11240,23020,41126.37
11240,23030,356231.87
11240,23040,560396.4
11240,23050,512413.87
11240,23060,584648.34
11240,23070,295750.7
11240,23080,754570.22
11240,23310,129930.91
11240,23320,17804.55
11240,31011,547109.66
11240,31012,676157.35
11240,31013,563202.56
11240,31014,1296549.43
11240,31021,14101012.79
11240,31022,4505908.94
11240,31023,7752453.77
11240,31030,1616743.55
11240,31041,566833.97
11240,31042,1343960.83
11240,31050,1389601.49
11240,31060,753918.24
11240,31070,680136.78
11240,31080,168071.42
11240,31091,432294.59
11240,31092,548350.45
11240,31101,1165655.75
11240,31103,697293.53
11240,31104,517911.3
11240,31110,1023675.01
11240,31120,3139744.01
11240,31130,7572274.59
11240,31140,328106.62
11240,31150,730226.09
11240,31160,680083.61
11240,31170,672528.04
11240,31180,20687058.47
11240,31191,1200575.46
11240,31192,2419643.23
11240,31193,2247960.3
11240,31200,701372.57
11240,31210,1028843.92
11240,31220,416747.81
11240,31230,911384.02
11240,31240,2034530.76
11240,31250,4484597.62
11240,31260,849461.15
11240,31270,709158.4
11240,31280,569904.11
11240,31350,68559.77
11240,31370,760246.44
11240,31380,1336059.9
11250,11010,2907670.13
11250,11020,3321330.79
11250,11030,1461583.06
11250,11040,3588649.83
11250,11050,8216362.8
11250,11060,2855033.28
11250,11070,2534307.36
11250,11080,1278536.17
11250,11090,686492.71
11250,11100,651335.29
11250,11110,1765762.83
11250,11120,602479.92
11250,11130,1004736.96
11250,11140,1537677.02
11250,11150,438734.85
11250,11160,1097497.93
11250,11170,776130.25
11250,11180,436221.19
11250,11190,2011166.66
11250,11200,1115720.4
11250,11210,1055603.4
11250,11220,4614771.45
11250,11230,11614076.52
11250,11240,33338609.44
11250,11250,202839796.37
11250,23010,521342.52999999997
11250,23020,15230.06
11250,23030,125037.78
11250,23040,193036.36
11250,23050,187197.8
11250,23060,229021.21
11250,23070,118904.02
11250,23080,295802.51
11250,23310,75925.8
11250,23320,11832.98
11250,31011,172133.17
11250,31012,242156.23
11250,31013,195661.43
11250,31014,373248.98
11250,31021,1797478.42
11250,31022,1092880.58
11250,31023,2266395.35
11250,31030,919597.29
11250,31041,179690.74
11250,31042,433388.49
11250,31050,528259.72
11250,31060,278654.77
11250,31070,261939.2
11250,31080,109400.64
11250,31091,139814.48
11250,31092,244722.13
11250,31101,560701.74
11250,31103,300008.57
11250,31104,221497.01
11250,31110,345269.02
11250,31120,3034130.59
11250,31130,5599802.91
11250,31140,133205.77
11250,31150,338835.33
11250,31160,209170.55
11250,31170,218314.07
11250,31180,27649247.96
11250,31191,514584.47
11250,31192,707099.86
11250,31193,562316.69
11250,31200,395002.92
11250,31210,616621.52
11250,31220,197857.26
11250,31230,362506.5
11250,31240,727816.51
11250,31250,2699710.95
11250,31260,502960.58
11250,31270,483340.14
11250,31280,338398.62
11250,31350,48935.8
11250,31370,503676.26
11250,31380,1121684.01
23010,11010,584022.39
23010,11020,776331.76
23010,11030,656018.48
23010,11040,378262.3
23010,11050,379437.39
23010,11060,393298.68
23010,11070,259143.49
23010,11080,425715.55
23010,11090,224183.48
23010,11100,199007.68
23010,11110,370984.22
23010,11120,588711.67
23010,11130,626114.73
23010,11140,1233231.84
23010,11150,849448.23
23010,11160,2649368.69
23010,11170,899032.91
23010,11180,405986.46
23010,11190,1218252.65
23010,11200,551558.09
23010,11210,607880.51
23010,11220,813866.54
23010,11230,1097746.93
23010,11240,759563.14
23010,11250,372184.27999999997
23020,11010,58151.75
23020,11020,71886.22
23020,11030,43599.94
23020,11040,19727.77
23020,11050,14560.42
23020,11060,20525.6
23020,11070,9255.23
23020,11080,18354.19
23020,11090,11577.81
23020,11100,7663.21
23020,11110,12638.58
23020,11120,27095.61
23020,11130,34603.08
23020,11140,67810.92
23020,11150,68513.19
23020,11160,92222.08
23020,11170,147607.57
23020,11180,57392.59
23020,11190,143401.64
23020,11200,35212.31
23020,11210,44828.15
23020,11220,59699.73
23020,11230,82968.76
23020,11240,43135.78
23020,11250,15002.76
23030,11010,486113.89
23030,11020,548186.21
23030,11030,404374.68
23030,11040,180039.16999999998
23030,11050,130615.36
23030,11060,170090.36
23030,11070,79724.76
23030,11080,143719.65
23030,11090,78198.81999999999
23030,11100,59758.63
23030,11110,105198.31999999999
23030,11120,166521.46
23030,11130,300685.6
23030,11140,602499.84
23030,11150,426373.34
23030,11160,800230.85
23030,11170,964269.51
23030,11180,484692.9
23030,11190,1173722.76
23030,11200,320772.68
23030,11210,412561.9
23030,11220,588680.81
23030,11230,880632.3
23030,11240,359610.34
23030,11250,126681.86
23040,11010,423614.9
23040,11020,489949.0
23040,11030,438820.27
23040,11040,195323.77
23040,11050,167135.67
23040,11060,152148.96
23040,11070,88971.15
23040,11080,163875.27
23040,11090,77334.26
23040,11100,64025.39
23040,11110,125720.09999999999
23040,11120,179699.53
23040,11130,406402.37
23040,11140,623284.09
23040,11150,403169.06
23040,11160,840032.56
23040,11170,788976.24
23040,11180,426564.32
23040,11190,907170.36
23040,11200,332356.35
23040,11210,457309.4
23040,11220,898643.67
23040,11230,1261874.71
23040,11240,569294.25
23040,11250,190879.96
23050,11010,587003.52
23050,11020,611947.98
23050,11030,441935.41
23050,11040,229593.35
23050,11050,179109.01
23050,11060,189637.73
23050,11070,108644.0
23050,11080,174029.63
23050,11090,98403.59
23050,11100,85577.41
23050,11110,156254.63
23050,11120,210764.9
23050,11130,351573.28
23050,11140,721591.73
23050,11150,557997.9
23050,11160,1037333.79
23050,11170,1317739.75
23050,11180,691401.96
23050,11190,1318137.75
23050,11200,420300.13
23050,11210,576285.94
23050,11220,801795.0
23050,11230,1120852.49
23050,11240,517200.27
23050,11250,187164.79
23060,11010,925176.72
23060,11020,1110615.87
23060,11030,780391.17
23060,11040,344496.72
23060,11050,244517.22
23060,11060,300034.38
23060,11070,142366.07
23060,11080,232289.34
23060,11090,115980.48
23060,11100,98060.06999999999
23060,11110,185455.53
23060,11120,306882.84
23060,11130,554840.83
23060,11140,1211562.67
23060,11150,951522.4
23060,11160,1912242.39
23060,11170,2280482.93
23060,11180,1119097.22
23060,11190,2601460.29
23060,11200,708849.81
23060,11210,804294.99
23060,11220,1142670.83
23060,11230,1702493.59
23060,11240,589209.73
23060,11250,226750.08
23070,11010,481548.42
23070,11020,546473.78
23070,11030,374932.02
23070,11040,172379.96
23070,11050,120172.45999999999
23070,11060,130984.66
23070,11070,78027.63
23070,11080,127050.0
23070,11090,78493.36
23070,11100,58995.86
23070,11110,109216.87
23070,11120,266954.81
23070,11130,375181.32
23070,11140,950625.25
23070,11150,814063.5
23070,11160,2760527.59
23070,11170,769801.16
23070,11180,388672.88
23070,11190,1113990.06
23070,11200,303820.75
23070,11210,320544.86
23070,11220,528990.53
23070,11230,731737.64
23070,11240,294796.36
23070,11250,119390.2
23080,11010,1096542.76
23080,11020,1389920.44
23080,11030,864051.45
23080,11040,430984.71
23080,11050,309043.34
23080,11060,344764.52999999997
23080,11070,200253.57
23080,11080,331750.77999999997
23080,11090,168054.54
23080,11100,152944.93
23080,11110,275044.28
23080,11120,626773.2
23080,11130,870485.52
23080,11140,2214185.67
23080,11150,1331251.13
23080,11160,4780036.08
23080,11170,1602725.15
23080,11180,819203.45
23080,11190,2652037.17
23080,11200,669532.05
23080,11210,691365.07
23080,11220,1210390.27
23080,11230,1778985.66
23080,11240,754177.56
23080,11250,291135.71
23310,11010,106104.29
23310,11020,81170.61
23310,11030,93122.44
23310,11040,61114.02
23310,11050,58648.22
23310,11060,68371.52
23310,11070,54456.96
23310,11080,92231.16
23310,11090,51562.3
23310,11100,54579.38
23310,11110,89891.3
23310,11120,172525.5
23310,11130,170381.46
23310,11140,241864.0
23310,11150,269949.15
23310,11160,636539.31
23310,11170,197380.15
23310,11180,64988.84
23310,11190,273700.16
23310,11200,138191.17
23310,11210,120357.14
23310,11220,137302.26
23310,11230,133219.48
23310,11240,123284.13
23310,11250,73452.47
23320,11010,8622.23
23320,11020,7257.0199999999995
23320,11030,8596.16
23320,11040,7784.24
23320,11050,8858.76
23320,11060,8727.83
23320,11070,9924.4
23320,11080,11074.2
23320,11090,8269.4
23320,11100,6968.78
23320,11110,10821.12
23320,11120,17674.26
23320,11130,11174.82
23320,11140,15590.86
23320,11150,21883.24
23320,11160,31360.09
23320,11170,34365.0
23320,11180,20758.41
23320,11190,25688.31
23320,11200,16001.53
23320,11210,29958.71
23320,11220,16399.6
23320,11230,18140.46
23320,11240,20150.77
23320,11250,13708.49
31011,11010,423439.41
31011,11020,418005.27999999997
31011,11030,277071.2
31011,11040,171275.65
31011,11050,150698.87
31011,11060,124434.22
31011,11070,68765.67
31011,11080,125806.66
31011,11090,51645.77
31011,11100,43116.39
31011,11110,86873.06
31011,11120,76688.03
31011,11130,179577.46
31011,11140,293758.85
31011,11150,117104.64
31011,11160,261677.1
31011,11170,372903.51
31011,11180,405905.47000000003
31011,11190,538673.93
31011,11200,333330.71
31011,11210,438921.46
31011,11220,1108059.85
31011,11230,1329763.92
31011,11240,550944.2
31011,11250,175308.68
31012,11010,405954.96
31012,11020,484341.82
31012,11030,329156.1
31012,11040,196448.83
31012,11050,171350.91
31012,11060,150840.98
31012,11070,90606.72
31012,11080,126137.72
31012,11090,64586.35
31012,11100,49531.84
31012,11110,104812.88
31012,11120,100082.66
31012,11130,183904.68
31012,11140,333285.85
31012,11150,141895.48
31012,11160,333990.11
31012,11170,491590.12
31012,11180,488173.13
31012,11190,702342.68
31012,11200,320538.51
31012,11210,437960.92
31012,11220,1094647.98
31012,11230,1457300.6099999999
31012,11240,681741.62
31012,11250,240441.84
31013,11010,324553.29
31013,11020,390076.21
31013,11030,260969.47
31013,11040,167768.21
31013,11050,159799.65
31013,11060,134924.74
31013,11070,82040.33
31013,11080,120792.65
31013,11090,62279.409999999996
31013,11100,49734.76
31013,11110,98815.92
31013,11120,96706.41
31013,11130,151151.13
31013,11140,275354.63
31013,11150,124201.45
31013,11160,272896.18
31013,11170,413632.23
31013,11180,372507.74
31013,11190,588351.11
31013,11200,265558.01
31013,11210,368806.83
31013,11220,840940.73
31013,11230,1126896.49
31013,11240,546325.42
31013,11250,194019.84
31014,11010,552977.45
31014,11020,718389.15
31014,11030,431897.86
31014,11040,335625.75
31014,11050,279391.89
31014,11060,193128.48
31014,11070,107281.44
31014,11080,191350.71
31014,11090,73741.33
31014,11100,64955.43
31014,11110,148591.02
31014,11120,121303.4
31014,11130,262524.91
31014,11140,429999.14
31014,11150,157298.41
31014,11160,334816.33
31014,11170,343812.1
31014,11180,294257.9
31014,11190,573362.34
31014,11200,360221.89
31014,11210,484052.44
31014,11220,2157483.94
31014,11230,3006734.91
31014,11240,1289911.91
31014,11250,369456.55
31021,11010,698607.84
31021,11020,851902.42
31021,11030,511886.16
31021,11040,878715.79
31021,11050,1019354.2
31021,11060,493693.92
31021,11070,348706.32
31021,11080,323034.09
31021,11090,147952.29
31021,11100,129165.08
31021,11110,327959.98
31021,11120,196516.73
31021,11130,276285.06
31021,11140,474770.79
31021,11150,178912.81
31021,11160,382098.99
31021,11170,358075.0
31021,11180,234875.88
31021,11190,682052.36
31021,11200,477711.78
31021,11210,603072.63
31021,11220,3774689.1
31021,11230,8149359.17
31021,11240,14105656.97
31021,11250,1763029.13
31022,11010,413412.23
31022,11020,503281.25
31022,11030,237163.25
31022,11040,522143.54
31022,11050,549959.94
31022,11060,275155.61
31022,11070,210986.93
31022,11080,182907.93
31022,11090,89922.55
31022,11100,85890.99
31022,11110,188800.21
31022,11120,96415.72
31022,11130,147852.66
31022,11140,251488.75
31022,11150,85788.85
31022,11160,212596.35
31022,11170,198041.25
31022,11180,140213.44
31022,11190,342535.47
31022,11200,237512.48
31022,11210,262620.89
31022,11220,1586912.6300000001
31022,11230,3394806.3
31022,11240,4470360.58
31022,11250,1075458.66
31023,11010,2197987.11
31023,11020,2695840.98
31023,11030,1637954.55
31023,11040,1764488.32
31023,11050,1729019.47
31023,11060,902386.8
31023,11070,613983.0599999999
31023,11080,847506.08
31023,11090,333237.24
31023,11100,292404.36
31023,11110,721667.74
31023,11120,487523.56
31023,11130,949707.59
31023,11140,1349271.17
31023,11150,509732.95
31023,11160,1105771.31
31023,11170,887807.12
31023,11180,592919.4
31023,11190,1724612.6
31023,11200,1329976.38
31023,11210,1769808.17
31023,11220,8856951.1
31023,11230,13946416.0
31023,11240,7710310.34
31023,11250,2249421.44
31030,11010,2390222.8
31030,11020,2164241.14
31030,11030,766882.85
31030,11040,1271027.82
31030,11050,1234368.68
31030,11060,2339601.58
31030,11070,1892325.64
31030,11080,2208158.63
31030,11090,2930410.15
31030,11100,7470152.55
31030,11110,9725877.78
31030,11120,704605.95
31030,11130,534968.05
31030,11140,808073.15
31030,11150,183270.83
31030,11160,578492.92
31030,11170,377101.45
31030,11180,197340.97
31030,11190,771784.82
31030,11200,364815.07
31030,11210,305605.4
31030,11220,1235784.26
31030,11230,2589159.26
31030,11240,1592749.59
31030,11250,925325.55
31041,11010,542118.65
31041,11020,601452.22
31041,11030,424694.54
31041,11040,206458.25
31041,11050,170019.35
31041,11060,181639.61
31041,11070,91328.93
31041,11080,144654.27
31041,11090,73526.73
31041,11100,59009.18
31041,11110,115301.81999999999
31041,11120,150526.3
31041,11130,279595.39
31041,11140,557377.64
31041,11150,360645.88
31041,11160,551751.04
31041,11170,1417417.28
31041,11180,3168973.47
31041,11190,1573544.54
31041,11200,720197.0
31041,11210,1775844.54
31041,11220,1100620.85
31041,11230,1280775.98
31041,11240,574621.86
31041,11250,181369.26
31042,11010,943272.26
31042,11020,1180173.82
31042,11030,921194.51
31042,11040,458177.24
31042,11050,391854.36
31042,11060,323601.74
31042,11070,184226.29
31042,11080,339403.79
31042,11090,150977.41
31042,11100,125587.48
31042,11110,246704.38999999998
31042,11120,240445.27
31042,11130,431066.75
31042,11140,790122.3
31042,11150,403356.1
31042,11160,709632.03
31042,11170,1158503.23
31042,11180,1718326.72
31042,11190,1509277.64
31042,11200,1269367.9
31042,11210,1731579.26
31042,11220,3406718.14
31042,11230,3425798.12
31042,11240,1337555.88
31042,11250,428572.73
31050,11010,2263101.69
31050,11020,2737857.03
31050,11030,1932942.8699999999
31050,11040,826120.24
31050,11050,639834.88
31050,11060,725646.51
31050,11070,352651.48
31050,11080,579215.88
31050,11090,287045.65
31050,11100,226951.88
31050,11110,440311.38
31050,11120,807797.98
31050,11130,1410332.17
31050,11140,3023834.83
31050,11150,7304711.62
31050,11160,9220723.91
31050,11170,13632809.84
31050,11180,3283414.7600000002
31050,11190,7729393.35
31050,11200,2150323.54
31050,11210,2485834.22
31050,11220,2985147.36
31050,11230,4107321.21
31050,11240,1388906.82
31050,11250,532457.42
31060,11010,828384.24
31060,11020,963101.09
31060,11030,715295.41
31060,11040,348164.65
31060,11050,292006.01
31060,11060,272630.58
31060,11070,155549.54
31060,11080,245135.73
31060,11090,113973.99
31060,11100,93167.38
31060,11110,189221.07
31060,11120,316753.31
31060,11130,536999.63
31060,11140,1187774.01
31060,11150,1998124.7
31060,11160,1545165.16
31060,11170,13521533.41
31060,11180,10093137.0
31060,11190,4050902.73
31060,11200,1648565.36
31060,11210,2927779.11
31060,11220,1710483.58
31060,11230,2108339.74
31060,11240,747259.7
31060,11250,279730.85
31070,11010,344251.44
31070,11020,335964.72
31070,11030,388405.31
31070,11040,178541.88
31070,11050,208724.32
31070,11060,166627.04
31070,11070,132794.65
31070,11080,160622.13999999998
31070,11090,100608.88
31070,11100,84562.54
31070,11110,165206.85
31070,11120,137157.41
31070,11130,181029.51
31070,11140,286764.45
31070,11150,191145.96
31070,11160,326234.22
31070,11170,483665.12
31070,11180,328326.85
31070,11190,633918.4
31070,11200,268604.12
31070,11210,334880.25
31070,11220,799137.61
31070,11230,1075274.19
31070,11240,702985.01
31070,11250,264874.12
31080,11010,297701.08
31080,11020,192093.71
31080,11030,106104.01
31080,11040,118971.58
31080,11050,113747.51
31080,11060,296674.79
31080,11070,177117.38999999998
31080,11080,231911.62
31080,11090,220575.08
31080,11100,499055.09
31080,11110,596451.77
31080,11120,78141.02
31080,11130,68763.73
31080,11140,90017.76
31080,11150,34348.25
31080,11160,78143.96
31080,11170,64832.2
31080,11180,24573.4
31080,11190,102803.78
31080,11200,56175.46
31080,11210,48625.159999999996
31080,11220,118752.05
31080,11230,221575.64
31080,11240,165989.96
31080,11250,111234.70999999999
31091,11010,393799.78
31091,11020,479955.46
31091,11030,288328.33
31091,11040,187696.27
31091,11050,152749.92
31091,11060,128539.86
31091,11070,77349.3
31091,11080,130561.77
31091,11090,65573.71
31091,11100,43580.65
31091,11110,84373.76
31091,11120,103318.89
31091,11130,164913.46
31091,11140,326717.24
31091,11150,195751.44
31091,11160,338205.74
31091,11170,585438.52
31091,11180,565286.91
31091,11190,668799.09
31091,11200,341286.68
31091,11210,448958.4
31091,11220,844596.0599999999
31091,11230,1023021.85
31091,11240,440830.85
31091,11250,141063.6
31092,11010,368954.97
31092,11020,455545.15
31092,11030,343848.05
31092,11040,200980.56
31092,11050,191735.0
31092,11060,181866.85
31092,11070,117019.4
31092,11080,178337.47
31092,11090,99273.9
31092,11100,94045.19
31092,11110,136159.12
31092,11120,165527.93
31092,11130,210407.87
31092,11140,377791.19
31092,11150,306617.55
31092,11160,529832.89
31092,11170,905929.44
31092,11180,674821.36
31092,11190,878104.9
31092,11200,405123.35
31092,11210,584729.42
31092,11220,809370.48
31092,11230,1091262.02
31092,11240,532417.63
31092,11250,244626.67
31101,11010,4363950.64
31101,11020,3671228.93
31101,11030,2105312.54
31101,11040,1039134.48
31101,11050,610014.72
31101,11060,923603.16
31101,11070,479771.14
31101,11080,1242940.41
31101,11090,667762.68
31101,11100,550332.85
31101,11110,865465.34
31101,11120,21461833.5
31101,11130,6105476.45
31101,11140,8896687.06
31101,11150,1529538.94
31101,11160,4969420.28
31101,11170,1259723.13
31101,11180,602603.8099999999
31101,11190,3419623.96
31101,11200,978971.4299999999
31101,11210,818061.94
31101,11220,2083977.68
31101,11230,3020116.44
31101,11240,1146053.4
31101,11250,550900.57
31103,11010,1694607.51
31103,11020,1645929.91
31103,11030,1039176.52
31103,11040,504140.43
31103,11050,320994.0
31103,11060,429859.93
31103,11070,238566.8
31103,11080,514516.3
31103,11090,269249.27999999997
31103,11100,251043.08
31103,11110,464848.14
31103,11120,3427209.06
31103,11130,1954157.0
31103,11140,3167773.27
31103,11150,805117.91
31103,11160,2573867.03
31103,11170,698221.99
31103,11180,322956.17
31103,11190,1838002.2
31103,11200,563368.38
31103,11210,473895.69
31103,11220,1228354.4
31103,11230,1712772.75
31103,11240,679145.58
31103,11250,295902.96
31104,11010,1321884.42
31104,11020,1306535.39
31104,11030,771900.03
31104,11040,377547.71
31104,11050,247072.35
31104,11060,306648.52
31104,11070,166417.18
31104,11080,370738.75
31104,11090,190536.07
31104,11100,151972.68
31104,11110,277814.96
31104,11120,1616228.0
31104,11130,1237874.6
31104,11140,2307204.7
31104,11150,510550.69
31104,11160,1702586.89
31104,11170,489326.77
31104,11180,246274.88
31104,11190,1386443.71
31104,11200,402609.36
31104,11210,357387.57
31104,11220,910497.17
31104,11230,1337108.96
31104,11240,517883.67
31104,11250,221397.9
31110,11010,580214.24
31110,11020,703737.71
31110,11030,725393.03
31110,11040,313206.23
31110,11050,281676.5
31110,11060,207380.88
31110,11070,174610.5
31110,11080,283462.47
31110,11090,157511.63999999998
31110,11100,112860.93
31110,11110,206967.51
31110,11120,213791.41
31110,11130,307694.54
31110,11140,474859.13
31110,11150,244911.21
31110,11160,418695.23
31110,11170,508741.55
31110,11180,406832.21
31110,11190,819487.47
31110,11200,1546795.21
31110,11210,1935659.12
31110,11220,5266292.71
31110,11230,2551924.93
31110,11240,1001069.09
31110,11250,325440.96
31120,11010,1024072.34
31120,11020,1121053.56
31120,11030,573873.16
31120,11040,1507251.03
31120,11050,3523591.14
31120,11060,1960126.35
31120,11070,5381672.5
31120,11080,912477.75
31120,11090,456364.35
31120,11100,537378.64
31120,11110,2362907.09
31120,11120,217472.01
31120,11130,313843.9
31120,11140,488476.63
31120,11150,112543.94
31120,11160,306283.08
31120,11170,209283.15
31120,11180,123245.91
31120,11190,487598.43
31120,11200,254477.63999999998
31120,11210,218685.63999999998
31120,11220,1115901.03
31120,11230,2967829.18
31120,11240,3061375.46
31120,11250,3016571.71
31130,11010,2868365.23
31130,11020,3080303.59
31130,11030,1551700.9
31130,11040,3283080.85
31130,11050,4688507.34
31130,11060,4931818.42
31130,11070,10181673.11
31130,11080,3073622.35
31130,11090,1845651.4
31130,11100,2329102.2
31130,11110,11499241.01
31130,11120,705984.32
31130,11130,914837.78
31130,11140,1400665.78
31130,11150,365895.36
31130,11160,915031.66
31130,11170,638831.08
31130,11180,332749.64
31130,11190,1332335.71
31130,11200,772285.34
31130,11210,662581.05
31130,11220,2918089.88
31130,11230,7024984.45
31130,11240,7448571.87
31130,11250,5593607.94
31140,11010,203552.79
31140,11020,207132.99
31140,11030,135561.31
31140,11040,91052.81
31140,11050,100903.75
31140,11060,89441.63
31140,11070,57021.84
31140,11080,72919.63
31140,11090,40565.78
31140,11100,35510.05
31140,11110,70858.55
31140,11120,57435.35
31140,11130,82788.35
31140,11140,129311.41
31140,11150,74203.54
31140,11160,152146.67
31140,11170,250041.61
31140,11180,200525.58
31140,11190,325326.76
31140,11200,130840.45
31140,11210,165834.15
31140,11220,486084.31
31140,11230,725600.68
31140,11240,332559.27
31140,11250,131444.42
31150,11010,556155.57
31150,11020,635224.44
31150,11030,469516.83
31150,11040,272670.79
31150,11050,247057.91
31150,11060,235999.38999999998
31150,11070,156932.48
31150,11080,223289.58
31150,11090,122440.66
31150,11100,97659.18
31150,11110,181072.83
31150,11120,261132.32
31150,11130,347080.52
31150,11140,684558.39
31150,11150,904647.87
31150,11160,1155078.85
31150,11170,3255785.7
31150,11180,2064428.83
31150,11190,1835656.77
31150,11200,756393.27
31150,11210,1499237.26
31150,11220,1256244.27
31150,11230,1616026.34
31150,11240,730896.19
31150,11250,336756.76
31160,11010,600435.55
31160,11020,745064.93
31160,11030,515307.82
31160,11040,241979.4
31160,11050,196134.76
31160,11060,198748.16999999998
31160,11070,97001.78
31160,11080,183926.99
31160,11090,109167.43
31160,11100,72360.75
31160,11110,116165.25
31160,11120,135158.54
31160,11130,266058.64
31160,11140,501186.06
31160,11150,241082.36
31160,11160,474499.67
31160,11170,906076.42
31160,11180,1088156.21
31160,11190,1108513.22
31160,11200,611502.47
31160,11210,816042.42
31160,11220,1707479.76
31160,11230,1768725.2
31160,11240,678631.96
31160,11250,203682.58
31170,11010,362083.24
31170,11020,487180.27
31170,11030,362568.52999999997
31170,11040,184958.88999999998
31170,11050,167782.79
31170,11060,128529.51
31170,11070,76313.58
31170,11080,128989.81999999999
31170,11090,62991.06
31170,11100,55730.25
31170,11110,106917.48
31170,11120,93323.46
31170,11130,171917.79
31170,11140,300604.42
31170,11150,160442.51
31170,11160,287868.62
31170,11170,454915.86
31170,11180,535380.24
31170,11190,564863.46
31170,11200,590227.41
31170,11210,715309.35
31170,11220,1813176.88
31170,11230,1518856.29
31170,11240,667540.05
31170,11250,212702.19
31180,11010,1338096.33
31180,11020,1583026.57
31180,11030,823125.13
31180,11040,1853532.05
31180,11050,3328215.24
31180,11060,1433831.48
31180,11070,1436804.83
31180,11080,749943.26
31180,11090,372431.77
31180,11100,375302.68
31180,11110,1108740.97
31180,11120,307791.68
31180,11130,478176.31
31180,11140,786834.67
31180,11150,244377.06
31180,11160,589719.73
31180,11170,386493.75
31180,11180,242332.8
31180,11190,969978.14
31180,11200,567499.53
31180,11210,521511.66
31180,11220,2783361.33
31180,11230,7088838.14
31180,11240,20603009.62
31180,11250,27924547.03
31191,11010,403378.34
31191,11020,445292.17
31191,11030,332129.07
31191,11040,313572.2
31191,11050,336332.18
31191,11060,254685.79
31191,11070,201170.76
31191,11080,231505.77
31191,11090,124006.1
31191,11100,111123.13
31191,11110,232370.71
31191,11120,171227.07
31191,11130,214053.06
31191,11140,323509.07
31191,11150,205088.33
31191,11160,324730.74
31191,11170,348771.0
31191,11180,221892.02
31191,11190,453422.72
31191,11200,331930.78
31191,11210,411705.21
31191,11220,1376265.13
31191,11230,1850074.72
31191,11240,1175447.43
31191,11250,494335.69
31192,11010,982005.7
31192,11020,1129400.03
31192,11030,622172.74
31192,11040,597341.23
31192,11050,545208.96
31192,11060,353057.6
31192,11070,195904.85
31192,11080,302996.34
31192,11090,131601.02
31192,11100,109165.95
31192,11110,247177.13
31192,11120,178846.46
31192,11130,366602.8
31192,11140,532893.07
31192,11150,202374.48
31192,11160,453072.19
31192,11170,389064.2
31192,11180,314770.72
31192,11190,703425.81
31192,11200,480168.84
31192,11210,540088.94
31192,11220,3309199.32
31192,11230,4921881.13
31192,11240,2348531.98
31192,11250,686159.46
31193,11010,1092986.4
31193,11020,1256528.15
31193,11030,610381.07
31193,11040,601076.89
31193,11050,519346.39
31193,11060,297702.05
31193,11070,156730.72
31193,11080,275725.41
31193,11090,119760.58
31193,11100,95542.68
31193,11110,217043.59
31193,11120,155646.54
31193,11130,362063.52999999997
31193,11140,539550.67
31193,11150,152990.62
31193,11160,448876.52999999997
31193,11170,342330.04
31193,11180,235848.86
31193,11190,750144.87
31193,11200,465513.42
31193,11210,517126.0
31193,11220,4234424.35
31193,11230,5948261.18
31193,11240,2303270.82
31193,11250,594780.29
31200,11010,1259061.79
31200,11020,1289789.02
31200,11030,1094630.48
31200,11040,524595.17
31200,11050,402565.0
31200,11060,505650.83999999997
31200,11070,347683.48
31200,11080,610772.22
31200,11090,359599.97
31200,11100,403825.26
31200,11110,610349.52
31200,11120,2642347.92
31200,11130,1621657.24
31200,11140,3083572.17
31200,11150,858480.51
31200,11160,2405408.73
31200,11170,934946.54
31200,11180,432857.68
31200,11190,1855052.18
31200,11200,619750.19
31200,11210,582516.67
31200,11220,957832.68
31200,11230,1303152.82
31200,11240,701486.32
31200,11250,392698.66
31210,11010,217980.06
31210,11020,209932.71
31210,11030,171862.42
31210,11040,206275.18
31210,11050,313299.33
31210,11060,198708.99
31210,11070,210567.76
31210,11080,171858.54
31210,11090,109455.86
31210,11100,102639.06999999999
31210,11110,250862.34
31210,11120,106846.77
31210,11130,107151.35
31210,11140,156993.13
31210,11150,102604.21
31210,11160,177090.15
31210,11170,183152.85
31210,11180,110615.34
31210,11190,233448.26
31210,11200,172886.58
31210,11210,239445.8
31210,11220,598279.77
31210,11230,890216.51
31210,11240,995701.43
31210,11250,597579.24
31220,11010,167391.95
31220,11020,156818.26
31220,11030,113923.75
31220,11040,121053.99
31220,11050,139766.7
31220,11060,95353.13
31220,11070,91652.48
31220,11080,95724.39
31220,11090,60367.76
31220,11100,52017.99
31220,11110,114451.1
31220,11120,77061.26
31220,11130,83640.14
31220,11140,138736.92
31220,11150,85209.24
31220,11160,136751.57
31220,11170,161142.98
31220,11180,95022.49
31220,11190,204157.8
31220,11200,160937.11
31220,11210,161885.75
31220,11220,472326.55
31220,11230,492879.2
31220,11240,404499.93
31220,11250,193288.87
31230,11010,1334012.51
31230,11020,1615647.01
31230,11030,1110102.84
31230,11040,522213.97
31230,11050,377292.71
31230,11060,390391.5
31230,11070,250932.69
31230,11080,458073.15
31230,11090,236474.68
31230,11100,201786.46
31230,11110,365048.18
31230,11120,1063184.73
31230,11130,1360118.38
31230,11140,3025040.9
31230,11150,2599740.0
31230,11160,11313711.08
31230,11170,1561778.02
31230,11180,626310.9
31230,11190,4036859.79
31230,11200,1002302.33
31230,11210,797107.28
31230,11220,1666068.24
31230,11230,2193452.01
31230,11240,908201.91
31230,11250,367073.86
31240,11010,851399.26
31240,11020,1059135.16
31240,11030,695572.57
31240,11040,515641.68
31240,11050,521324.19
31240,11060,364588.36
31240,11070,288012.27
31240,11080,381061.59
31240,11090,213980.58
31240,11100,180915.1
31240,11110,359312.51
31240,11120,328535.72
31240,11130,463899.36
31240,11140,777433.6
31240,11150,518630.76
31240,11160,884718.88
31240,11170,1306129.27
31240,11180,1017967.18
31240,11190,1403905.26
31240,11200,842009.49
31240,11210,1112798.7
31240,11220,2797731.66
31240,11230,3707053.56
31240,11240,2024317.22
31240,11250,730309.09
31250,11010,650495.87
31250,11020,765072.14
31250,11030,471580.81
31250,11040,780715.14
31250,11050,989121.29
31250,11060,520450.67
31250,11070,477574.27999999997
31250,11080,382956.77
31250,11090,217270.48
31250,11100,191524.6
31250,11110,456552.83999999997
31250,11120,214371.08
31250,11130,265980.02999999997
31250,11140,423725.35
31250,11150,207189.98
31250,11160,413773.22
31250,11170,371006.7
31250,11180,266978.85
31250,11190,565992.73
31250,11200,396067.85
31250,11210,516425.27999999997
31250,11220,2423202.44
31250,11230,4343557.02
31250,11240,4579761.27
31250,11250,2654542.95
31260,11010,1008065.51
31260,11020,761383.69
31260,11030,394441.64
31260,11040,483894.09
31260,11050,482514.16
31260,11060,887131.37
31260,11070,809411.58
31260,11080,909222.32
31260,11090,1105845.02
31260,11100,2054790.53
31260,11110,2602327.74
31260,11120,1868637.16
31260,11130,461729.81
31260,11140,474354.24
31260,11150,186652.93
31260,11160,450487.4
31260,11170,285650.33999999997
31260,11180,119698.54
31260,11190,443444.25
31260,11200,226056.9
31260,11210,194448.86
31260,11220,494708.49
31260,11230,961291.0
31260,11240,837247.53
31260,11250,503307.13
31270,11010,301446.1
31270,11020,234523.4
31270,11030,176341.69
31270,11040,314073.76
31270,11050,440892.69
31270,11060,479388.64
31270,11070,679387.75
31270,11080,491191.16
31270,11090,527180.24
31270,11100,912987.47
31270,11110,1575934.14
31270,11120,225132.4
31270,11130,154869.69
31270,11140,201666.3
31270,11150,121685.02
31270,11160,223436.75
31270,11170,134606.3
31270,11180,59935.79
31270,11190,206116.73
31270,11200,132665.51
31270,11210,121203.36
31270,11220,324945.01
31270,11230,548871.91
31270,11240,706031.37
31270,11250,475873.3
31280,11010,128269.26
31280,11020,112815.55
31280,11030,110401.11
31280,11040,131671.55
31280,11050,192270.97
31280,11060,125747.27
31280,11070,130971.05
31280,11080,113789.44
31280,11090,67844.83
31280,11100,63640.07
31280,11110,143271.78
31280,11120,73241.14
31280,11130,71876.46
31280,11140,109503.4
31280,11150,76164.99
31280,11160,108552.81
31280,11170,106406.45
31280,11180,63178.479999999996
31280,11190,145538.02
31280,11200,122373.33
31280,11210,136463.48
31280,11220,434526.1
31280,11230,601084.96
31280,11240,573649.91
31280,11250,338605.25
31350,11010,64904.87
31350,11020,41660.42
31350,11030,39581.3
31350,11040,36727.7
31350,11050,44649.82
31350,11060,76452.24
31350,11070,66660.94
31350,11080,74841.81999999999
31350,11090,80895.08
31350,11100,143817.04
31350,11110,170243.51
31350,11120,71962.11
31350,11130,57575.78
31350,11140,57041.55
31350,11150,38743.97
31350,11160,86447.74
31350,11170,39778.6
31350,11180,14438.22
31350,11190,53386.8
31350,11200,30444.25
31350,11210,29167.72
31350,11220,38479.63
31350,11230,53935.65
31350,11240,69432.79
31350,11250,47659.21
31370,11010,196501.48
31370,11020,177269.75
31370,11030,224584.99
31370,11040,238996.4
31370,11050,345943.16
31370,11060,364717.14
31370,11070,522764.2
31370,11080,293196.54
31370,11090,172974.39
31370,11100,196439.58
31370,11110,444111.64
31370,11120,161961.58
31370,11130,139159.92
31370,11140,194873.53
31370,11150,128945.11
31370,11160,202561.55
31370,11170,135404.95
31370,11180,59060.159999999996
31370,11190,200325.12
31370,11200,160022.7
31370,11210,163763.41
31370,11220,317170.09
31370,11230,579621.48
31370,11240,689665.45
31370,11250,484783.55
31380,11010,449041.98
31380,11020,369480.45
31380,11030,297895.44
31380,11040,509841.41
31380,11050,595302.0599999999
31380,11060,696692.1
31380,11070,753732.4
31380,11080,396891.28
31380,11090,198328.91
31380,11100,217383.51
31380,11110,548125.88
31380,11120,187477.08
31380,11130,194051.05
31380,11140,278710.05
31380,11150,134939.71
31380,11160,233910.86
31380,11170,162626.05
31380,11180,82278.91
31380,11190,283690.85
31380,11200,232995.83
31380,11210,219111.17
31380,11220,591508.29
31380,11230,1136106.18
31380,11240,1358719.91
31380,11250,1161206.09
